{
  "latency": {
    "rows": 6,
    "mean_rtf": 0.005881138238854605
  },
  "elapsed_seconds": 4.42954453900029
}