{
  "rows": [
    {
      "variant": "single_clean",
      "num_voters": 1,
      "augmentation": false,
      "consensus_loss_weight": 0.0,
      "train_runtime_s": 1940.2352,
      "train_loss": -2.9024240560531616,
      "final_loss": -4.684,
      "clean_unique_token_rate": 0.74755859375,
      "clean_unique_tokens": 6124,
      "gaussian_25db_ued": 0.8508266666666667,
      "pink_20db_ued": 0.8457333333333333,
      "bit_crush_10bit_ued": 0.44522666666666666,
      "mean_noise_ued": 0.84828,
      "mean_all_ued": 0.7139288888888888,
      "mean_all_ued_delta_vs_single_clean": 0.0,
      "clean_unique_rate_delta_vs_single_clean": 0.0
    },
    {
      "variant": "single_aug",
      "num_voters": 1,
      "augmentation": true,
      "consensus_loss_weight": 0.0,
      "train_runtime_s": 1977.991,
      "train_loss": -2.9630175952911375,
      "final_loss": -4.6965,
      "clean_unique_token_rate": 0.728515625,
      "clean_unique_tokens": 5968,
      "gaussian_25db_ued": 0.8333333333333333,
      "pink_20db_ued": 0.8325866666666667,
      "bit_crush_10bit_ued": 0.39466666666666667,
      "mean_noise_ued": 0.8329599999999999,
      "mean_all_ued": 0.6868622222222222,
      "mean_all_ued_delta_vs_single_clean": -0.027066666666666683,
      "clean_unique_rate_delta_vs_single_clean": -0.01904296875
    },
    {
      "variant": "multi_clean_no_consensus",
      "num_voters": 5,
      "augmentation": false,
      "consensus_loss_weight": 0.0,
      "train_runtime_s": 2016.4814,
      "train_loss": -2.923678855895996,
      "final_loss": -4.7713,
      "clean_unique_token_rate": 0.7982177734375,
      "clean_unique_tokens": 6539,
      "gaussian_25db_ued": 0.91608,
      "pink_20db_ued": 0.9135466666666667,
      "bit_crush_10bit_ued": 0.5942666666666666,
      "mean_noise_ued": 0.9148133333333334,
      "mean_all_ued": 0.8079644444444445,
      "mean_all_ued_delta_vs_single_clean": 0.09403555555555565,
      "clean_unique_rate_delta_vs_single_clean": 0.0506591796875
    },
    {
      "variant": "multi_aug_no_consensus",
      "num_voters": 5,
      "augmentation": true,
      "consensus_loss_weight": 0.0,
      "train_runtime_s": 2196.0789,
      "train_loss": -2.9201796112060547,
      "final_loss": -4.7802,
      "clean_unique_token_rate": 0.8184814453125,
      "clean_unique_tokens": 6705,
      "gaussian_25db_ued": 0.9125866666666665,
      "pink_20db_ued": 0.9084533333333333,
      "bit_crush_10bit_ued": 0.5719466666666667,
      "mean_noise_ued": 0.91052,
      "mean_all_ued": 0.7976622222222223,
      "mean_all_ued_delta_vs_single_clean": 0.08373333333333344,
      "clean_unique_rate_delta_vs_single_clean": 0.0709228515625
    },
    {
      "variant": "multi_aug_consensus",
      "num_voters": 5,
      "augmentation": true,
      "consensus_loss_weight": 0.25,
      "train_runtime_s": 2162.0786,
      "train_loss": -2.7280378684997557,
      "final_loss": -4.7764,
      "clean_unique_token_rate": 0.7945556640625,
      "clean_unique_tokens": 6509,
      "gaussian_25db_ued": 0.9115733333333335,
      "pink_20db_ued": 0.9038133333333334,
      "bit_crush_10bit_ued": 0.5756266666666667,
      "mean_noise_ued": 0.9076933333333335,
      "mean_all_ued": 0.7970044444444445,
      "mean_all_ued_delta_vs_single_clean": 0.08307555555555568,
      "clean_unique_rate_delta_vs_single_clean": 0.0469970703125
    }
  ]
}