{
  "device": "mps",
  "torch": "2.7.1",
  "audio_path": "/Users/evergreen/inf/genai/StableToken/benchmarks/tone_5s.wav",
  "input_seconds": 5.0,
  "tokens": 125,
  "output_seconds": 4.992290249433107,
  "decoder_autocast": false,
  "load_s": 10.65693329199712,
  "tokenization": {
    "min_s": 0.09423391600284958,
    "median_s": 0.09483620899845846,
    "max_s": 0.09510141699865926
  },
  "reconstruction": {
    "min_s": 1.4781051660029334,
    "median_s": 1.5011207499992452,
    "max_s": 1.5372817090028548
  },
  "tokenization_realtime_factor": {
    "min_s": 0.018846783200569917,
    "median_s": 0.01896724179969169,
    "max_s": 0.01902028339973185
  },
  "reconstruction_realtime_factor": {
    "min_s": 0.2960775700432838,
    "median_s": 0.3006877955803357,
    "max_s": 0.30793115628191264
  }
}
